<NotepadPlus>
    <UserLang name="tass64" ext="a asm" udlVersion="2.1">
        <Settings>
            <Global caseIgnored="yes" allowFoldOfComments="yes" foldCompact="no" forcePureLC="0" decimalSeparator="0" />
            <Prefix Keywords1="no" Keywords2="no" Keywords3="no" Keywords4="no" Keywords5="no" Keywords6="no" Keywords7="no" Keywords8="no" />
        </Settings>
        <KeywordLists>
            <Keywords name="Comments">00; 01 02 03.comment 04.endc</Keywords>
            <Keywords name="Numbers, prefix1">%</Keywords>
            <Keywords name="Numbers, prefix2">$</Keywords>
            <Keywords name="Numbers, extras1">a b c d e f A B C D E F</Keywords>
            <Keywords name="Numbers, extras2"></Keywords>
            <Keywords name="Numbers, suffix1"></Keywords>
            <Keywords name="Numbers, suffix2"></Keywords>
            <Keywords name="Numbers, range"></Keywords>
            <Keywords name="Operators1">,x ,y - ! # &amp; ( ) * , / : ? [ ] { } ^ ` | ~ + &lt; = &gt; ..</Keywords>
            <Keywords name="Operators2">in x</Keywords>
            <Keywords name="Folders in code1, open"></Keywords>
            <Keywords name="Folders in code1, middle"></Keywords>
            <Keywords name="Folders in code1, close"></Keywords>
            <Keywords name="Folders in code2, open">.proc .if .ifeq .ifne .ifpl .ifmi .switch .segment .macro .namespace .section .function .struct .union .weak .rept .brept .for .bfor .while .bwhile .with .virtual .logical .page .block .encode</Keywords>
            <Keywords name="Folders in code2, middle">.else .elsif .case .default .break .continue .breakif .continueif</Keywords>
            <Keywords name="Folders in code2, close">.pend .endproc .fi .endif .endswitch .endm .endmacro .endsegment .endn .endnamespace .send .endsection .endf .endfunction .ends .endstruct .endu .endunion .endweak .next .endfor .endrept .endwhile .endwith .endv .endvirtual .here .endlogical .endp .endpage .bend .endblock .endencode</Keywords>
            <Keywords name="Folders in comment, open"></Keywords>
            <Keywords name="Folders in comment, middle"></Keywords>
            <Keywords name="Folders in comment, close"></Keywords>
            <Keywords name="Keywords1">adc and asl bcc bcs beq bge bit blt bmi bne bpl brk bvc bvs clc cld cli clv cmp cpa cpx cpy dec dex dey eor gcc gcs geq gge glt gmi gne gpl gvc gvs inc inx iny jmp jsr lda ldx ldy lsr nop ora pha php pla plp rol ror rti rts sbc sec sed sei shl shr sta stx sty tax tay tsx txa txs tya ahx alr anc ane arr asr axs dcm dcp ins isb isc jam lae las lax lds lxa rla rra sax sbx sha shs shx shy slo sre tas xaa</Keywords>
            <Keywords name="Keywords2">.al .align .as .assert .bend .endblock .binclude .block .break .breakif .case .cdef .cerror .check .continue .continueif .cpu .cwarn .databank .default .dpage .dsection .dstruct .dunion .edef .else .elsif .encode .endencode .enc .end .endp .endpage .ends .endstruct .endswitch .endu .endunion .endv .endvirtual .endweak .eor .error .for .bfor .goto .here .endlogical .hidemac .include .lbl .logical .next .offs .option .page .proff .pron .rept .brept .showmac .switch .tdef .var .virtual .warn .weak .while .bwhile .xl .xs .autsiz .mansiz .seed .sfunction</Keywords>
            <Keywords name="Keywords3">.byte .binary .char .ptext .lint .long .null .dword .sint .fill .rta .shift .shiftl .dint .word .text .addr</Keywords>
            <Keywords name="Keywords4"></Keywords>
            <Keywords name="Keywords5"></Keywords>
            <Keywords name="Keywords6"></Keywords>
            <Keywords name="Keywords7"></Keywords>
            <Keywords name="Keywords8"></Keywords>
            <Keywords name="Delimiters">00&quot; 01 02&quot; 03&apos; 04 05&apos; 06 07 08 09 10 11 12 13 14 15 16 17 18 19 20 21 22 23</Keywords>
        </KeywordLists>
        <Styles>
            <WordsStyle name="DEFAULT" fgColor="000000" bgColor="FFFFFF" colorStyle="0" fontStyle="0" nesting="0" />
            <WordsStyle name="COMMENTS" fgColor="C06000" bgColor="FFFFFF" colorStyle="1" fontStyle="2" nesting="0" />
            <WordsStyle name="LINE COMMENTS" fgColor="C06000" bgColor="FFFFFF" colorStyle="1" fontStyle="2" nesting="0" />
            <WordsStyle name="NUMBERS" fgColor="FF0000" bgColor="FFFFFF" colorStyle="1" fontStyle="0" nesting="0" />
            <WordsStyle name="KEYWORDS1" fgColor="5050FF" bgColor="FFFFFF" colorStyle="1" fontStyle="1" nesting="0" />
            <WordsStyle name="KEYWORDS2" fgColor="00D500" bgColor="FFFFFF" colorStyle="1" fontStyle="1" nesting="0" />
            <WordsStyle name="KEYWORDS3" fgColor="C0C000" bgColor="FFFFFF" colorStyle="1" fontStyle="1" nesting="0" />
            <WordsStyle name="KEYWORDS4" fgColor="FF0000" bgColor="FFFFFF" colorStyle="1" fontStyle="0" nesting="0" />
            <WordsStyle name="KEYWORDS5" fgColor="000000" bgColor="FFFFFF" colorStyle="1" fontStyle="0" nesting="0" />
            <WordsStyle name="KEYWORDS6" fgColor="000000" bgColor="FFFFFF" colorStyle="1" fontStyle="0" nesting="0" />
            <WordsStyle name="KEYWORDS7" fgColor="000000" bgColor="FFFFFF" colorStyle="1" fontStyle="0" nesting="0" />
            <WordsStyle name="KEYWORDS8" fgColor="000000" bgColor="FFFFFF" colorStyle="1" fontStyle="0" nesting="0" />
            <WordsStyle name="OPERATORS" fgColor="000000" bgColor="FFFFFF" colorStyle="0" fontStyle="1" nesting="0" />
            <WordsStyle name="FOLDER IN CODE1" fgColor="008000" bgColor="FFFFFF" colorStyle="1" fontStyle="0" nesting="0" />
            <WordsStyle name="FOLDER IN CODE2" fgColor="00D500" bgColor="FFFFFF" colorStyle="1" fontStyle="1" nesting="0" />
            <WordsStyle name="FOLDER IN COMMENT" fgColor="000000" bgColor="FFFFFF" colorStyle="1" fontStyle="0" nesting="0" />
            <WordsStyle name="DELIMITERS1" fgColor="C0C000" bgColor="FFFFFF" colorStyle="1" fontStyle="0" nesting="0" />
            <WordsStyle name="DELIMITERS2" fgColor="C0C000" bgColor="FFFFFF" colorStyle="1" fontStyle="0" nesting="0" />
            <WordsStyle name="DELIMITERS3" fgColor="000000" bgColor="FFFFFF" colorStyle="1" fontStyle="0" nesting="0" />
            <WordsStyle name="DELIMITERS4" fgColor="000000" bgColor="FFFFFF" colorStyle="1" fontStyle="0" nesting="0" />
            <WordsStyle name="DELIMITERS5" fgColor="000000" bgColor="FFFFFF" colorStyle="1" fontStyle="0" nesting="0" />
            <WordsStyle name="DELIMITERS6" fgColor="000000" bgColor="FFFFFF" colorStyle="1" fontStyle="0" nesting="0" />
            <WordsStyle name="DELIMITERS7" fgColor="000000" bgColor="FFFFFF" colorStyle="1" fontStyle="0" nesting="0" />
            <WordsStyle name="DELIMITERS8" fgColor="000000" bgColor="FFFFFF" colorStyle="1" fontStyle="0" nesting="0" />
        </Styles>
    </UserLang>
</NotepadPlus>
